{
  "execution_success": 0.11956521739130435,
  "mathematical_accuracy": 0.0,
  "code_extraction_success": 0.3695652173913043
}