{
  "execution_success": 0.010869565217391304,
  "mathematical_accuracy": 0.0,
  "code_extraction_success": 0.6956521739130435
}