{
  "syntactic_correctness": 1.0,
  "semantic_correctness": 0.5357142857142857,
  "execution_success": 0.5357142857142857,
  "mathematical_accuracy": 0.17857142857142858,
  "optimization_formulation": 1.0,
  "code_extraction_success": 1.0
}