{
  "syntactic_correctness": 1.0,
  "semantic_correctness": 0.9117647058823529,
  "execution_success": 0.9117647058823529,
  "mathematical_accuracy": 0.5588235294117647,
  "optimization_formulation": 1.0,
  "code_extraction_success": 1.0
}