{
  "syntactic_correctness": 1.0,
  "semantic_correctness": 0.9726027397260274,
  "execution_success": 0.9726027397260274,
  "mathematical_accuracy": 0.863013698630137,
  "optimization_formulation": 1.0,
  "code_extraction_success": 1.0
}