{
  "syntactic_correctness": 0.9975186104218362,
  "semantic_correctness": 0.9230769230769231,
  "execution_success": 0.9230769230769231,
  "mathematical_accuracy": 0.7816377171215881,
  "optimization_formulation": 0.9875930521091811,
  "code_extraction_success": 1.0
}