{
  "syntactic_correctness": 0.9819277108433735,
  "semantic_correctness": 0.46987951807228917,
  "execution_success": 0.46987951807228917,
  "mathematical_accuracy": 0.13253012048192772,
  "optimization_formulation": 0.9698795180722891,
  "code_extraction_success": 0.9939759036144579
}